Message_ID,User_Input,AI_Response,Input_Length,Response_Length
1,How can I automate my emails?,Yes! Our AI can schedule meetings and send reminders.,29,53
2,Can I schedule meetings using AI?,RevolveAI enhances productivity through AI-driven communication tools.,33,70
3,How can I automate my emails?,Yes! Our AI can schedule meetings and send reminders.,29,53
4,How does your platform help businesses?,We provide AI-driven business automation solutions.,39,51
5,What AI tools do you offer?,We provide AI-driven business automation solutions.,27,51
6,What AI tools do you offer?,RevolveAI enhances productivity through AI-driven communication tools.,27,70
7,What AI tools do you offer?,We provide AI-driven business automation solutions.,27,51
8,How does your platform help businesses?,RevolveAI enhances productivity through AI-driven communication tools.,39,70
9,How can I automate my emails?,Our AI-powered tools automate email responses efficiently.,29,58
10,How does your platform help businesses?,Yes! Our AI can schedule meetings and send reminders.,39,53
11,How does your platform help businesses?,RevolveAI enhances productivity through AI-driven communication tools.,39,70
12,How does your platform help businesses?,We provide AI-driven business automation solutions.,39,51
13,What AI tools do you offer?,Our AI-powered tools automate email responses efficiently.,27,58
14,How does your platform help businesses?,Yes! Our AI can schedule meetings and send reminders.,39,53
15,How does your platform help businesses?,Our AI-powered tools automate email responses efficiently.,39,58
16,How does your platform help businesses?,Our AI-powered tools automate email responses efficiently.,39,58
17,How does your platform help businesses?,Our AI-powered tools automate email responses efficiently.,39,58
18,How can I automate my emails?,We provide AI-driven business automation solutions.,29,51
19,How can I automate my emails?,RevolveAI enhances productivity through AI-driven communication tools.,29,70
20,How does your platform help businesses?,RevolveAI enhances productivity through AI-driven communication tools.,39,70
21,How can I automate my emails?,RevolveAI enhances productivity through AI-driven communication tools.,29,70
22,What AI tools do you offer?,We provide AI-driven business automation solutions.,27,51
23,What AI tools do you offer?,We provide AI-driven business automation solutions.,27,51
24,How does your platform help businesses?,Yes! Our AI can schedule meetings and send reminders.,39,53
25,How does your platform help businesses?,We provide AI-driven business automation solutions.,39,51
26,How can I automate my emails?,Our AI-powered tools automate email responses efficiently.,29,58
27,What AI tools do you offer?,Yes! Our AI can schedule meetings and send reminders.,27,53
28,How can I automate my emails?,We provide AI-driven business automation solutions.,29,51
29,How does your platform help businesses?,Our AI-powered tools automate email responses efficiently.,39,58
30,Can I schedule meetings using AI?,RevolveAI enhances productivity through AI-driven communication tools.,33,70
31,How can I automate my emails?,We provide AI-driven business automation solutions.,29,51
32,Can I schedule meetings using AI?,Yes! Our AI can schedule meetings and send reminders.,33,53
33,How does your platform help businesses?,We provide AI-driven business automation solutions.,39,51
34,What AI tools do you offer?,Yes! Our AI can schedule meetings and send reminders.,27,53
35,Can I schedule meetings using AI?,Yes! Our AI can schedule meetings and send reminders.,33,53
36,How does your platform help businesses?,Yes! Our AI can schedule meetings and send reminders.,39,53
37,Can I schedule meetings using AI?,Yes! Our AI can schedule meetings and send reminders.,33,53
38,Can I schedule meetings using AI?,Yes! Our AI can schedule meetings and send reminders.,33,53
39,How does your platform help businesses?,RevolveAI enhances productivity through AI-driven communication tools.,39,70
40,Can I schedule meetings using AI?,Yes! Our AI can schedule meetings and send reminders.,33,53
41,What AI tools do you offer?,We provide AI-driven business automation solutions.,27,51
42,How does your platform help businesses?,RevolveAI enhances productivity through AI-driven communication tools.,39,70
43,How can I automate my emails?,RevolveAI enhances productivity through AI-driven communication tools.,29,70
44,How does your platform help businesses?,Yes! Our AI can schedule meetings and send reminders.,39,53
45,How does your platform help businesses?,RevolveAI enhances productivity through AI-driven communication tools.,39,70
46,What AI tools do you offer?,Our AI-powered tools automate email responses efficiently.,27,58
47,How can I automate my emails?,We provide AI-driven business automation solutions.,29,51
48,How does your platform help businesses?,We provide AI-driven business automation solutions.,39,51
49,How does your platform help businesses?,We provide AI-driven business automation solutions.,39,51
50,How can I automate my emails?,Our AI-powered tools automate email responses efficiently.,29,58
51,What AI tools do you offer?,Yes! Our AI can schedule meetings and send reminders.,27,53
52,Can I schedule meetings using AI?,Our AI-powered tools automate email responses efficiently.,33,58
53,How does your platform help businesses?,Our AI-powered tools automate email responses efficiently.,39,58
54,How does your platform help businesses?,Our AI-powered tools automate email responses efficiently.,39,58
55,Can I schedule meetings using AI?,We provide AI-driven business automation solutions.,33,51
56,How does your platform help businesses?,RevolveAI enhances productivity through AI-driven communication tools.,39,70
57,How does your platform help businesses?,Our AI-powered tools automate email responses efficiently.,39,58
58,How can I automate my emails?,We provide AI-driven business automation solutions.,29,51
59,How does your platform help businesses?,Yes! Our AI can schedule meetings and send reminders.,39,53
60,How can I automate my emails?,RevolveAI enhances productivity through AI-driven communication tools.,29,70
61,What AI tools do you offer?,We provide AI-driven business automation solutions.,27,51
62,How can I automate my emails?,RevolveAI enhances productivity through AI-driven communication tools.,29,70
63,How does your platform help businesses?,We provide AI-driven business automation solutions.,39,51
64,How can I automate my emails?,RevolveAI enhances productivity through AI-driven communication tools.,29,70
65,What AI tools do you offer?,RevolveAI enhances productivity through AI-driven communication tools.,27,70
66,Can I schedule meetings using AI?,Our AI-powered tools automate email responses efficiently.,33,58
67,What AI tools do you offer?,Yes! Our AI can schedule meetings and send reminders.,27,53
68,How can I automate my emails?,Our AI-powered tools automate email responses efficiently.,29,58
69,What AI tools do you offer?,We provide AI-driven business automation solutions.,27,51
70,Can I schedule meetings using AI?,Yes! Our AI can schedule meetings and send reminders.,33,53
71,What AI tools do you offer?,Our AI-powered tools automate email responses efficiently.,27,58
72,How does your platform help businesses?,We provide AI-driven business automation solutions.,39,51
73,How can I automate my emails?,RevolveAI enhances productivity through AI-driven communication tools.,29,70
74,How can I automate my emails?,We provide AI-driven business automation solutions.,29,51
75,How does your platform help businesses?,We provide AI-driven business automation solutions.,39,51
76,What AI tools do you offer?,We provide AI-driven business automation solutions.,27,51
77,How can I automate my emails?,Our AI-powered tools automate email responses efficiently.,29,58
78,How does your platform help businesses?,Yes! Our AI can schedule meetings and send reminders.,39,53
79,What AI tools do you offer?,RevolveAI enhances productivity through AI-driven communication tools.,27,70
80,What AI tools do you offer?,RevolveAI enhances productivity through AI-driven communication tools.,27,70
81,What AI tools do you offer?,RevolveAI enhances productivity through AI-driven communication tools.,27,70
82,What AI tools do you offer?,We provide AI-driven business automation solutions.,27,51
83,How does your platform help businesses?,RevolveAI enhances productivity through AI-driven communication tools.,39,70
84,How does your platform help businesses?,RevolveAI enhances productivity through AI-driven communication tools.,39,70
85,How can I automate my emails?,RevolveAI enhances productivity through AI-driven communication tools.,29,70
86,How does your platform help businesses?,We provide AI-driven business automation solutions.,39,51
87,How does your platform help businesses?,We provide AI-driven business automation solutions.,39,51
88,How can I automate my emails?,Yes! Our AI can schedule meetings and send reminders.,29,53
89,How can I automate my emails?,We provide AI-driven business automation solutions.,29,51
90,Can I schedule meetings using AI?,RevolveAI enhances productivity through AI-driven communication tools.,33,70
91,How does your platform help businesses?,We provide AI-driven business automation solutions.,39,51
92,How can I automate my emails?,RevolveAI enhances productivity through AI-driven communication tools.,29,70
93,What AI tools do you offer?,Our AI-powered tools automate email responses efficiently.,27,58
94,Can I schedule meetings using AI?,We provide AI-driven business automation solutions.,33,51
95,Can I schedule meetings using AI?,Yes! Our AI can schedule meetings and send reminders.,33,53
96,How does your platform help businesses?,Yes! Our AI can schedule meetings and send reminders.,39,53
97,How can I automate my emails?,Our AI-powered tools automate email responses efficiently.,29,58
98,Can I schedule meetings using AI?,RevolveAI enhances productivity through AI-driven communication tools.,33,70
99,Can I schedule meetings using AI?,RevolveAI enhances productivity through AI-driven communication tools.,33,70
100,How can I automate my emails?,RevolveAI enhances productivity through AI-driven communication tools.,29,70
