Report_ID,Report_Type,Summary,Key_Findings
1,Market Analysis,Customer satisfaction scores improved by 20% last quarter.,Competitor analysis shows strong growth.
2,Market Analysis,Revenue increased by 15% due to new partnerships.,Competitor analysis shows strong growth.
3,Customer Feedback,Operational costs have been reduced by 10% after process optimization.,Competitor analysis shows strong growth.
4,Customer Feedback,Revenue increased by 15% due to new partnerships.,Customer engagement strategies are working well.
5,Operational Efficiency,Market demand for AI solutions is growing rapidly.,Customer engagement strategies are working well.
6,Operational Efficiency,Revenue increased by 15% due to new partnerships.,Customer engagement strategies are working well.
7,Market Analysis,Operational costs have been reduced by 10% after process optimization.,Customer engagement strategies are working well.
8,Quarterly Revenue,Market demand for AI solutions is growing rapidly.,Competitor analysis shows strong growth.
9,Market Analysis,Customer satisfaction scores improved by 20% last quarter.,Efficiency improvements led to cost savings.
10,Market Analysis,Revenue increased by 15% due to new partnerships.,Customer engagement strategies are working well.
11,Market Analysis,Operational costs have been reduced by 10% after process optimization.,Efficiency improvements led to cost savings.
12,Customer Feedback,Market demand for AI solutions is growing rapidly.,High potential in AI-driven automation.
13,Operational Efficiency,Market demand for AI solutions is growing rapidly.,Customer engagement strategies are working well.
14,Customer Feedback,Operational costs have been reduced by 10% after process optimization.,Competitor analysis shows strong growth.
15,Quarterly Revenue,Market demand for AI solutions is growing rapidly.,High potential in AI-driven automation.
16,Market Analysis,Operational costs have been reduced by 10% after process optimization.,High potential in AI-driven automation.
17,Quarterly Revenue,Operational costs have been reduced by 10% after process optimization.,High potential in AI-driven automation.
18,Quarterly Revenue,Operational costs have been reduced by 10% after process optimization.,Efficiency improvements led to cost savings.
19,Market Analysis,Revenue increased by 15% due to new partnerships.,Customer engagement strategies are working well.
20,Market Analysis,Revenue increased by 15% due to new partnerships.,Efficiency improvements led to cost savings.
21,Customer Feedback,Market demand for AI solutions is growing rapidly.,Competitor analysis shows strong growth.
22,Customer Feedback,Operational costs have been reduced by 10% after process optimization.,Customer engagement strategies are working well.
23,Customer Feedback,Customer satisfaction scores improved by 20% last quarter.,Competitor analysis shows strong growth.
24,Operational Efficiency,Operational costs have been reduced by 10% after process optimization.,Customer engagement strategies are working well.
25,Customer Feedback,Revenue increased by 15% due to new partnerships.,High potential in AI-driven automation.
26,Quarterly Revenue,Market demand for AI solutions is growing rapidly.,Competitor analysis shows strong growth.
27,Operational Efficiency,Market demand for AI solutions is growing rapidly.,Competitor analysis shows strong growth.
28,Market Analysis,Revenue increased by 15% due to new partnerships.,High potential in AI-driven automation.
29,Operational Efficiency,Market demand for AI solutions is growing rapidly.,Competitor analysis shows strong growth.
30,Market Analysis,Customer satisfaction scores improved by 20% last quarter.,Efficiency improvements led to cost savings.
31,Quarterly Revenue,Revenue increased by 15% due to new partnerships.,Efficiency improvements led to cost savings.
32,Operational Efficiency,Market demand for AI solutions is growing rapidly.,Competitor analysis shows strong growth.
33,Operational Efficiency,Revenue increased by 15% due to new partnerships.,Competitor analysis shows strong growth.
34,Quarterly Revenue,Market demand for AI solutions is growing rapidly.,High potential in AI-driven automation.
35,Market Analysis,Customer satisfaction scores improved by 20% last quarter.,High potential in AI-driven automation.
36,Quarterly Revenue,Revenue increased by 15% due to new partnerships.,Competitor analysis shows strong growth.
37,Market Analysis,Customer satisfaction scores improved by 20% last quarter.,Competitor analysis shows strong growth.
38,Market Analysis,Customer satisfaction scores improved by 20% last quarter.,Efficiency improvements led to cost savings.
39,Quarterly Revenue,Revenue increased by 15% due to new partnerships.,Customer engagement strategies are working well.
40,Operational Efficiency,Operational costs have been reduced by 10% after process optimization.,Customer engagement strategies are working well.
41,Customer Feedback,Market demand for AI solutions is growing rapidly.,Customer engagement strategies are working well.
42,Quarterly Revenue,Customer satisfaction scores improved by 20% last quarter.,Customer engagement strategies are working well.
43,Customer Feedback,Customer satisfaction scores improved by 20% last quarter.,Competitor analysis shows strong growth.
44,Quarterly Revenue,Operational costs have been reduced by 10% after process optimization.,Efficiency improvements led to cost savings.
45,Quarterly Revenue,Market demand for AI solutions is growing rapidly.,Customer engagement strategies are working well.
46,Customer Feedback,Customer satisfaction scores improved by 20% last quarter.,High potential in AI-driven automation.
47,Quarterly Revenue,Revenue increased by 15% due to new partnerships.,Efficiency improvements led to cost savings.
48,Operational Efficiency,Market demand for AI solutions is growing rapidly.,Competitor analysis shows strong growth.
49,Quarterly Revenue,Operational costs have been reduced by 10% after process optimization.,High potential in AI-driven automation.
50,Customer Feedback,Operational costs have been reduced by 10% after process optimization.,Customer engagement strategies are working well.