Message_ID,User_Input,AI_Response
1,How can I automate my emails?,Yes! Our AI can schedule meetings and send reminders.
2,Can I schedule meetings using AI?,RevolveAI enhances productivity through AI-driven communication tools.
3,How can I automate my emails?,Yes! Our AI can schedule meetings and send reminders.
4,How does your platform help businesses?,We provide AI-driven business automation solutions.
5,What AI tools do you offer?,We provide AI-driven business automation solutions.
6,What AI tools do you offer?,RevolveAI enhances productivity through AI-driven communication tools.
7,What AI tools do you offer?,We provide AI-driven business automation solutions.
8,How does your platform help businesses?,RevolveAI enhances productivity through AI-driven communication tools.
9,How can I automate my emails?,Our AI-powered tools automate email responses efficiently.
10,How does your platform help businesses?,Yes! Our AI can schedule meetings and send reminders.
11,How does your platform help businesses?,RevolveAI enhances productivity through AI-driven communication tools.
12,How does your platform help businesses?,We provide AI-driven business automation solutions.
13,What AI tools do you offer?,Our AI-powered tools automate email responses efficiently.
14,How does your platform help businesses?,Yes! Our AI can schedule meetings and send reminders.
15,How does your platform help businesses?,Our AI-powered tools automate email responses efficiently.
16,How does your platform help businesses?,Our AI-powered tools automate email responses efficiently.
17,How does your platform help businesses?,Our AI-powered tools automate email responses efficiently.
18,How can I automate my emails?,We provide AI-driven business automation solutions.
19,How can I automate my emails?,RevolveAI enhances productivity through AI-driven communication tools.
20,How does your platform help businesses?,RevolveAI enhances productivity through AI-driven communication tools.
21,How can I automate my emails?,RevolveAI enhances productivity through AI-driven communication tools.
22,What AI tools do you offer?,We provide AI-driven business automation solutions.
23,What AI tools do you offer?,We provide AI-driven business automation solutions.
24,How does your platform help businesses?,Yes! Our AI can schedule meetings and send reminders.
25,How does your platform help businesses?,We provide AI-driven business automation solutions.
26,How can I automate my emails?,Our AI-powered tools automate email responses efficiently.
27,What AI tools do you offer?,Yes! Our AI can schedule meetings and send reminders.
28,How can I automate my emails?,We provide AI-driven business automation solutions.
29,How does your platform help businesses?,Our AI-powered tools automate email responses efficiently.
30,Can I schedule meetings using AI?,RevolveAI enhances productivity through AI-driven communication tools.
31,How can I automate my emails?,We provide AI-driven business automation solutions.
32,Can I schedule meetings using AI?,Yes! Our AI can schedule meetings and send reminders.
33,How does your platform help businesses?,We provide AI-driven business automation solutions.
34,What AI tools do you offer?,Yes! Our AI can schedule meetings and send reminders.
35,Can I schedule meetings using AI?,Yes! Our AI can schedule meetings and send reminders.
36,How does your platform help businesses?,Yes! Our AI can schedule meetings and send reminders.
37,Can I schedule meetings using AI?,Yes! Our AI can schedule meetings and send reminders.
38,Can I schedule meetings using AI?,Yes! Our AI can schedule meetings and send reminders.
39,How does your platform help businesses?,RevolveAI enhances productivity through AI-driven communication tools.
40,Can I schedule meetings using AI?,Yes! Our AI can schedule meetings and send reminders.
41,What AI tools do you offer?,We provide AI-driven business automation solutions.
42,How does your platform help businesses?,RevolveAI enhances productivity through AI-driven communication tools.
43,How can I automate my emails?,RevolveAI enhances productivity through AI-driven communication tools.
44,How does your platform help businesses?,Yes! Our AI can schedule meetings and send reminders.
45,How does your platform help businesses?,RevolveAI enhances productivity through AI-driven communication tools.
46,What AI tools do you offer?,Our AI-powered tools automate email responses efficiently.
47,How can I automate my emails?,We provide AI-driven business automation solutions.
48,How does your platform help businesses?,We provide AI-driven business automation solutions.
49,How does your platform help businesses?,We provide AI-driven business automation solutions.
50,How can I automate my emails?,Our AI-powered tools automate email responses efficiently.
51,What AI tools do you offer?,Yes! Our AI can schedule meetings and send reminders.
52,Can I schedule meetings using AI?,Our AI-powered tools automate email responses efficiently.
53,How does your platform help businesses?,Our AI-powered tools automate email responses efficiently.
54,How does your platform help businesses?,Our AI-powered tools automate email responses efficiently.
55,Can I schedule meetings using AI?,We provide AI-driven business automation solutions.
56,How does your platform help businesses?,RevolveAI enhances productivity through AI-driven communication tools.
57,How does your platform help businesses?,Our AI-powered tools automate email responses efficiently.
58,How can I automate my emails?,We provide AI-driven business automation solutions.
59,How does your platform help businesses?,Yes! Our AI can schedule meetings and send reminders.
60,How can I automate my emails?,RevolveAI enhances productivity through AI-driven communication tools.
61,What AI tools do you offer?,We provide AI-driven business automation solutions.
62,How can I automate my emails?,RevolveAI enhances productivity through AI-driven communication tools.
63,How does your platform help businesses?,We provide AI-driven business automation solutions.
64,How can I automate my emails?,RevolveAI enhances productivity through AI-driven communication tools.
65,What AI tools do you offer?,RevolveAI enhances productivity through AI-driven communication tools.
66,Can I schedule meetings using AI?,Our AI-powered tools automate email responses efficiently.
67,What AI tools do you offer?,Yes! Our AI can schedule meetings and send reminders.
68,How can I automate my emails?,Our AI-powered tools automate email responses efficiently.
69,What AI tools do you offer?,We provide AI-driven business automation solutions.
70,Can I schedule meetings using AI?,Yes! Our AI can schedule meetings and send reminders.
71,What AI tools do you offer?,Our AI-powered tools automate email responses efficiently.
72,How does your platform help businesses?,We provide AI-driven business automation solutions.
73,How can I automate my emails?,RevolveAI enhances productivity through AI-driven communication tools.
74,How can I automate my emails?,We provide AI-driven business automation solutions.
75,How does your platform help businesses?,We provide AI-driven business automation solutions.
76,What AI tools do you offer?,We provide AI-driven business automation solutions.
77,How can I automate my emails?,Our AI-powered tools automate email responses efficiently.
78,How does your platform help businesses?,Yes! Our AI can schedule meetings and send reminders.
79,What AI tools do you offer?,RevolveAI enhances productivity through AI-driven communication tools.
80,What AI tools do you offer?,RevolveAI enhances productivity through AI-driven communication tools.
81,What AI tools do you offer?,RevolveAI enhances productivity through AI-driven communication tools.
82,What AI tools do you offer?,We provide AI-driven business automation solutions.
83,How does your platform help businesses?,RevolveAI enhances productivity through AI-driven communication tools.
84,How does your platform help businesses?,RevolveAI enhances productivity through AI-driven communication tools.
85,How can I automate my emails?,RevolveAI enhances productivity through AI-driven communication tools.
86,How does your platform help businesses?,We provide AI-driven business automation solutions.
87,How does your platform help businesses?,We provide AI-driven business automation solutions.
88,How can I automate my emails?,Yes! Our AI can schedule meetings and send reminders.
89,How can I automate my emails?,We provide AI-driven business automation solutions.
90,Can I schedule meetings using AI?,RevolveAI enhances productivity through AI-driven communication tools.
91,How does your platform help businesses?,We provide AI-driven business automation solutions.
92,How can I automate my emails?,RevolveAI enhances productivity through AI-driven communication tools.
93,What AI tools do you offer?,Our AI-powered tools automate email responses efficiently.
94,Can I schedule meetings using AI?,We provide AI-driven business automation solutions.
95,Can I schedule meetings using AI?,Yes! Our AI can schedule meetings and send reminders.
96,How does your platform help businesses?,Yes! Our AI can schedule meetings and send reminders.
97,How can I automate my emails?,Our AI-powered tools automate email responses efficiently.
98,Can I schedule meetings using AI?,RevolveAI enhances productivity through AI-driven communication tools.
99,Can I schedule meetings using AI?,RevolveAI enhances productivity through AI-driven communication tools.
100,How can I automate my emails?,RevolveAI enhances productivity through AI-driven communication tools.
